SKU,Name
23920469,23920469 - Fuel Filter
AF26163M,AF26163M - Air Filter
P611696,P611696 - Air Filter
FS20313,FS20313 - Fuel Water Separator
FS19915,FS19915 - Fuel Filter with Water Separator
D371061,Kenworth Air Filter - D371061
21715813,21715813 - Air Filter
FS19765,FS19765 - Fuel Water Separator
FS19764,FS19764 - Fuel Water Separator
21707132,21707132 - BY-PASS Oil Filter
23658092,23658092 - Long Life Oil Filter
23151592,23151592 - Oil Filter
P621725,P621725 - Engine Air Filter
AF27879,AF27879 - Air Filter
03-42776-010,03-42776-010 - Engine Air Filter